ZIP,BORO,NEIGHBORHOOD,NAME,WIKILINK10451,Bronx,High Bridge and Morrisania,Mott Haven,"Mott_Haven,_Bronx"10452,Bronx,High Bridge and Morrisania,Highbridge,"Highbridge,_Bronx"10453,Bronx,Central Bronx,Morris Heights,"Morris_Heights,_Bronx"10454,Bronx,Hunts Point and Mott Haven,Mott Haven,"Mott_Haven,_Bronx"10455,Bronx,Hunts Point and Mott Haven,Mott Haven,"Mott_Haven,_Bronx"10456,Bronx,High Bridge and Morrisania,Morrisania,"Morrisania,_Bronx"10457,Bronx,Central Bronx,Tremont,"Tremont,_Bronx"10458,Bronx,Bronx Park and Fordham,Fordham,"Fordham,_Bronx"10459,Bronx,Hunts Point and Mott Haven,Hunts Point,"Hunts_Point,_Bronx"10460,Bronx,Central Bronx,West Farms,"West_Farms,_Bronx"10461,Bronx,Southeast Bronx,Morris Park,"Morris_Park,_Bronx"10462,Bronx,Southeast Bronx,Parkchester,"Parkchester,_Bronx"10463,Bronx,Kingsbridge and Riverdale,Kingsbridge,"Kingsbridge,_Bronx"10464,Bronx,Southeast Bronx,Pelham Bay,"Pelham_Bay_(neighborhood),_Bronx"10465,Bronx,Southeast Bronx,Throggs Neck,Throggs_Neck10466,Bronx,Northeast Bronx,Wakefield,"Wakefield,_Bronx"10467,Bronx,Bronx Park and Fordham,Norwood,"Norwood,_Bronx"10468,Bronx,Bronx Park and Fordham,Fordham,"Fordham,_Bronx"10469,Bronx,Northeast Bronx,Pelham Gardens,"Pelham_Gardens,_Bronx"10470,Bronx,Northeast Bronx,Woodlawn Heights,"Woodlawn,_Bronx"10471,Bronx,Kingsbridge and Riverdale,Riverdale,"Riverdale,_Bronx"10472,Bronx,Southeast Bronx,Soundview,"Soundview,_Bronx"10473,Bronx,Southeast Bronx,Soundview,"Soundview,_Bronx"10474,Bronx,Hunts Point and Mott Haven,Hunts Point,"Hunts_Point,_Bronx"10475,Bronx,Northeast Bronx,Baychester,"Baychester,_Bronx"10301,Staten Island,Stapleton and St. George,St. George,"St._George,_Staten_Island"10302,Staten Island,Port Richmond,Port Richmond,"Port_Richmond,_Staten_Island"10303,Staten Island,Port Richmond,Mariners Harbor,"Mariners_Harbor,_Staten_Island"10304,Staten Island,Stapleton and St. George,Todt Hill,Todt_Hill10305,Staten Island,Stapleton and St. George,Arrochar,"Arrochar,_Staten_Island"10306,Staten Island,South Shore,New Dorp,"New_Dorp,_Staten_Island"10307,Staten Island,South Shore,Tottenville,"Tottenville,_Staten_Island"10308,Staten Island,South Shore,Great Kills,"Great_Kills,_Staten_Island"10309,Staten Island,South Shore,Pleasant Plains,"Pleasant_Plains,_Staten_Island"10310,Staten Island,Port Richmond,Port Richmond,"Port_Richmond,_Staten_Island"10312,Staten Island,South Shore,Annadale,"Annadale,_Staten_Island"10314,Staten Island,Mid-Island,Mid-Island,"Mid-Island,_Staten_Island"11004,Queens,Southeast Queens,Glen Oaks,"Glen_Oaks,_Queens"11005,Queens,Southeast Queens,Glen Oaks,"Glen_Oaks,_Queens"11101,Queens,Northwest Queens,Long Island City,Long_Island_City11102,Queens,Northwest Queens,Astoria,"Astoria,_Queens"11103,Queens,Northwest Queens,Astoria,"Astoria,_Queens"11104,Queens,Northwest Queens,Sunnyside,"Sunnyside,_Queens"11105,Queens,Northwest Queens,Astoria,"Astoria,_Queens"11106,Queens,Northwest Queens,Astoria,"Astoria,_Queens"11354,Queens,North Queens,Flushing,"Flushing,_Queens"11355,Queens,North Queens,Flushing,"Flushing,_Queens"11356,Queens,North Queens,College Point,"College_Point,_Queens"11357,Queens,North Queens,Whitestone,"Whitestone,_Queens"11358,Queens,North Queens,Flushing,"Flushing,_Queens"11360,Queens,North Queens,Bayside,"Bayside,_Queens"11361,Queens,Northeast Queens,Bayside,"Bayside,_Queens"11362,Queens,Northeast Queens,Little Neck,"Little_Neck,_Queens"11363,Queens,Northeast Queens,Douglaston,"Douglaston,_Queens"11364,Queens,Northeast Queens,Bayside,"Bayside,_Queens"11365,Queens,Central Queens,Pomonok,"Pomonok,_Queens"11366,Queens,Central Queens,Fresh Meadows,"Fresh_Meadows,_Queens"11367,Queens,Central Queens,Pomonok,"Pomonok,_Queens"11368,Queens,West Queens,Corona,"Corona,_Queens"11369,Queens,West Queens,East Elmhurst,"East_Elmhurst,_Queens"11370,Queens,West Queens,East Elmhurst,"East_Elmhurst,_Queens"11372,Queens,West Queens,Jackson Heights,"Jackson_Heights,_Queens"11373,Queens,West Queens,Elmhurst,"Elmhurst,_Queens"11374,Queens,Northwest Queens,Rego Park,"Rego_Park,_Queens"11375,Queens,Northwest Queens,Forest Hills,"Forest_Hills,_Queens"11377,Queens,West Queens,Woodside,"Woodside,_Queens"11378,Queens,West Queens,Maspeth,"Maspeth,_Queens"11379,Queens,Northwest Queens,Middle Village,"Middle_Village,_Queens"11385,Queens,Northwest Queens,Ridgewood,"Ridgewood,_Queens"11411,Queens,Southeast Queens,Cambria Heights,"Cambria_Heights,_Queens"11412,Queens,Jamaica,St. Albans,"St._Albans,_Queens"11413,Queens,Southeast Queens,Laurelton,"Laurelton,_Queens"11414,Queens,Southwest Queens,Howard Beach,"Howard_Beach,_Queens"11415,Queens,Southwest Queens,Kew Gardens,"Kew_Gardens,_Queens"11416,Queens,Southwest Queens,Ozone Park,"Ozone_Park,_Queens"11417,Queens,Southwest Queens,Ozone Park,"Ozone_Park,_Queens"11418,Queens,Southwest Queens,Richmond Hill,"Richmond_Hill,_Queens"11419,Queens,Southwest Queens,Richmond Hill,"Richmond_Hill,_Queens"11420,Queens,Southwest Queens,Ozone Park,"Ozone_Park,_Queens"11421,Queens,Southwest Queens,Woodhaven,"Woodhaven,_Queens"11422,Queens,Southeast Queens,Rosedale,"Rosedale,_Queens"11423,Queens,Jamaica,Hollis,"Hollis,_Queens"11426,Queens,Southeast Queens,Glen Oaks,"Glen_Oaks,_Queens"11427,Queens,Southeast Queens,Queens Village,"Queens_Village,_Queens"11428,Queens,Southeast Queens,Queens Village,"Queens_Village,_Queens"11429,Queens,Southeast Queens,Queens Village,"Queens_Village,_Queens"11432,Queens,Jamaica,Jamaica,"Jamaica,_Queens"11433,Queens,Jamaica,Jamaica,"Jamaica,_Queens"11434,Queens,Jamaica,Rochdale Village,"Rochdale_Village,_Queens"11435,Queens,Jamaica,Briardwood,"Briarwood,_Queens"11436,Queens,Jamaica,South Jamaica,"South_Jamaica,_Queens"11691,Queens,Rockaways,Far Rockaway,"Far_Rockaway,_Queens"11692,Queens,Rockaways,Arverne,"Arverne,_Queens"11693,Queens,Rockaways,Arverne,"Arverne,_Queens"11694,Queens,Rockaways,Rockaway Park,"Rockaway_Park,_Queens"11697,Queens,Rockaways,Breezy Point,"Breezy_Point,_Queens"10001,Manhattan,Chelsea and Clinton,Chelsea,"Chelsea,_Manhattan"10002,Manhattan,Lower East Side,Lower East Side,Lower_East_Side10003,Manhattan,Lower East Side,East Village,"East_Village,_Manhattan"10004,Manhattan,Lower Manhattan,Financial District,"Financial_District,_Manhattan"10005,Manhattan,Lower Manhattan,Financial District,"Financial_District,_Manhattan"10006,Manhattan,Lower Manhattan,Financial District,"Financial_District,_Manhattan"10007,Manhattan,Lower Manhattan,Tribeca,Tribeca10009,Manhattan,Lower East Side,East Village,"East_Village,_Manhattan"10010,Manhattan,Gramercy Park and Murray Hill,Gramercy Park,Gramercy_Park10011,Manhattan,Chelsea and Clinton,Chelsea,"Chelsea,_Manhattan"10012,Manhattan,Greenwich Village and Soho,Soho,Soho10013,Manhattan,Greenwich Village and Soho,Tribeca,Tribeca10014,Manhattan,Greenwich Village and Soho,Greenwich Village,Greenwich_Village10016,Manhattan,Gramercy Park and Murray Hill,Murray Hill,"Murray_Hill,_Manhattan"10017,Manhattan,Gramercy Park and Murray Hill,Turtle Bay,"Turtle_Bay,_Manhattan"10018,Manhattan,Chelsea and Clinton,Hell's Kitchen,"Hell%27s_Kitchen,_Manhattan"10019,Manhattan,Chelsea and Clinton,Hell's Kitchen,"Hell%27s_Kitchen,_Manhattan"10021,Manhattan,Upper East Side,Upper East Side,Upper_East_Side10022,Manhattan,Gramercy Park and Murray Hill,Midtown East,Midtown_Manhattan#Neighborhoods10023,Manhattan,Upper West Side,Upper West Side,Upper_West_Side10024,Manhattan,Upper West Side,Upper West Side,Upper_West_Side10025,Manhattan,Upper West Side,Upper West Side,Upper_West_Side10026,Manhattan,Central Harlem,Central Harlem,Harlem10027,Manhattan,Central Harlem,West Harlem,Harlem10028,Manhattan,Upper East Side,Yorkville,"Yorkville,_Manhattan"10029,Manhattan,East Harlem,East Harlem,East_Harlem10030,Manhattan,Central Harlem,Central Harlem,Harlem10031,Manhattan,Inwood and Washington Heights,Hamilton Heights,"Hamilton_Heights,_Manhattan"10032,Manhattan,Inwood and Washington Heights,Washington Heights,"Washington_Heights,_Manhattan"10033,Manhattan,Inwood and Washington Heights,Washington Heights,"Washington_Heights,_Manhattan"10034,Manhattan,Inwood and Washington Heights,Inwood,"Inwood,_Manhattan"10035,Manhattan,East Harlem,East Harlem,East_Harlem10036,Manhattan,Chelsea and Clinton,Hell's Kitchen,"Hell%27s_Kitchen,_Manhattan"10037,Manhattan,Central Harlem,Central Harlem,Harlem10038,Manhattan,Lower Manhattan,Two Bridges,"Two_Bridges,_Manhattan"10039,Manhattan,Central Harlem,Central Harlem,Harlem10040,Manhattan,Inwood and Washington Heights,Washington Heights,"Washington_Heights,_Manhattan"10044,Manhattan,Upper East Side,Roosevelt Island,Roosevelt_Island10065,Manhattan,Upper East Side,Upper East Side,Upper_East_Side10075,Manhattan,Upper East Side,Upper East Side,Upper_East_Side10128,Manhattan,Upper East Side,Yorkville,"Yorkville,_Manhattan"10280,Manhattan,Lower Manhattan,Battery Park City,Battery_Park_City11201,Brooklyn,Northwest Brooklyn,Downtown Brooklyn,Downtown_Brooklyn11203,Brooklyn,Flatbush,East Flatbush,"East_Flatbush,_Brooklyn"11204,Brooklyn,Borough Park,Bensonhurst,"Bensonhurst,_Brooklyn"11205,Brooklyn,Northwest Brooklyn,Clinton Hill,"Clinton_Hill,_Brooklyn"11206,Brooklyn,Bushwick and Williamsburg,Williamsburg,"Williamsburg,_Brooklyn"11207,Brooklyn,East New York and New Lots,East New York,"East_New_York,_Brooklyn"11208,Brooklyn,East New York and New Lots,Cypress Hills,"East_New_York,_Brooklyn#Cypress_Hills"11209,Brooklyn,Southwest Brooklyn,Bay Ridge,"Bay_Ridge,_Brooklyn"11210,Brooklyn,Flatbush,Flatlands,"Flatlands,_Brooklyn"11211,Brooklyn,Greenpoint,Williamsburg,"Williamsburg,_Brooklyn"11212,Brooklyn,Central Brooklyn,Brownsville,"Brownsville,_Brooklyn"11213,Brooklyn,Central Brooklyn,Weeksville,"Weeksville,_Brooklyn"11214,Brooklyn,Southwest Brooklyn,Bath Beach,"Bath_Beach,_Brooklyn"11215,Brooklyn,Northwest Brooklyn,Park Slope,Park_Slope11216,Brooklyn,Central Brooklyn,Bedford-Stuyvesant,"Bedford-Stuyvesant,_Brooklyn"11217,Brooklyn,Northwest Brooklyn,Boerum Hill,Boerum_Hill11218,Brooklyn,Borough Park,Kensington,"Kensington,_Brooklyn"11219,Brooklyn,Borough Park,Borough Park,"Borough_Park,_Brooklyn"11220,Brooklyn,Sunset Park,Sunset Park,"Sunset_Park,_Brooklyn"11221,Brooklyn,Bushwick and Williamsburg,Bushwick,"Bushwick,_Brooklyn"11222,Brooklyn,Greenpoint,Greenpoint,"Greenpoint,_Brooklyn"11223,Brooklyn,Southern Brooklyn,Gravesend,"Gravesend,_Brooklyn"11224,Brooklyn,Southern Brooklyn,Coney Island,Coney_Island11225,Brooklyn,Flatbush,Prospect Lefferts Gardens,Prospect_Lefferts_Gardens11226,Brooklyn,Flatbush,Flatbush,"Flatbush,_Brooklyn"11228,Brooklyn,Southwest Brooklyn,Dyker Heights,"Dyker_Heights,_Brooklyn"11229,Brooklyn,Southern Brooklyn,Sheepshead Bay,"Sheepshead_Bay,_Brooklyn#Madison"11230,Brooklyn,Borough Park,Midwood,"Midwood,_Brooklyn"11231,Brooklyn,Northwest Brooklyn,Red Hook,"Red_Hook,_Brooklyn"11232,Brooklyn,Sunset Park,Greenwood,"Sunset_Park,_Brooklyn"11233,Brooklyn,Central Brooklyn,Stuyvesant Heights,"Bedford_Stuyvesant,_Brooklyn"11234,Brooklyn,Canarsie and Flatlands,Mill Basin,"Mill_Basin,_Brooklyn"11235,Brooklyn,Southern Brooklyn,Brighton Beach,Brighton_Beach11236,Brooklyn,Canarsie and Flatlands,Canarsie,"Canarsie,_Brooklyn"11237,Brooklyn,Bushwick and Williamsburg,Bushwick,"Bushwick,_Brooklyn"11238,Brooklyn,Central Brooklyn,Prospect Heights,"Prospect_Heights,_Brooklyn"11239,Brooklyn,Canarsie and Flatlands,Starrett City,"Starrett_City,_Brooklyn"